observation_date,CPIAUCNS,GS10,GS5,GS30,GS2,GS1M,GS20,GS3M,GS3,FII5,GS7,FII30,GS1,GS5-FII5
1953-04-01,26.6,2.83,2.62,,,,3.08,,2.51,,,,2.36,
1953-05-01,26.7,3.05,2.87,,,,3.18,,2.72,,,,2.48,
1953-06-01,26.8,3.11,2.94,,,,3.21,,2.74,,,,2.45,
1953-07-01,26.8,2.93,2.75,,,,3.12,,2.62,,,,2.38,
1953-08-01,26.9,2.95,2.8,,,,3.1,,2.58,,,,2.28,
1953-09-01,26.9,2.87,2.71,,,,3.07,,2.56,,,,2.2,
1953-10-01,27.0,2.66,2.43,,,,2.95,,2.23,,,,1.79,
1953-11-01,26.9,2.68,2.42,,,,2.95,,2.2,,,,1.67,
1953-12-01,26.9,2.59,2.32,,,,2.89,,2.07,,,,1.66,
1954-01-01,26.9,2.48,2.17,,,,2.8,,1.89,,,,1.41,
1954-02-01,26.9,2.47,2.04,,,,2.72,,1.63,,,,1.14,
1954-03-01,26.9,2.37,1.93,,,,2.61,,1.59,,,,1.13,
1954-04-01,26.8,2.29,1.87,,,,2.6,,1.54,,,,0.96,
1954-05-01,26.9,2.37,1.92,,,,2.66,,1.56,,,,0.85,
1954-06-01,26.9,2.38,1.92,,,,2.64,,1.53,,,,0.82,
1954-07-01,26.9,2.3,1.85,,,,2.57,,1.47,,,,0.84,
1954-08-01,26.9,2.36,1.9,,,,2.58,,1.49,,,,0.88,
1954-09-01,26.8,2.38,1.96,,,,2.6,,1.6,,,,1.03,
1954-10-01,26.8,2.43,2.02,,,,2.61,,1.72,,,,1.17,
1954-11-01,26.8,2.48,2.09,,,,2.65,,1.75,,,,1.14,
1954-12-01,26.7,2.51,2.16,,,,2.67,,1.81,,,,1.21,
1955-01-01,26.7,2.61,2.32,,,,2.75,,1.99,,,,1.39,
1955-02-01,26.7,2.65,2.38,,,,2.83,,2.12,,,,1.57,
1955-03-01,26.7,2.68,2.48,,,,2.84,,2.26,,,,1.59,
1955-04-01,26.7,2.75,2.55,,,,2.85,,2.37,,,,1.75,
1955-05-01,26.7,2.76,2.56,,,,2.87,,2.37,,,,1.9,
1955-06-01,26.7,2.78,2.59,,,,2.86,,2.39,,,,1.91,
1955-07-01,26.8,2.9,2.72,,,,2.94,,2.51,,,,2.02,
1955-08-01,26.8,2.97,2.86,,,,3.01,,2.72,,,,2.37,
1955-09-01,26.9,2.97,2.85,,,,3.0,,2.69,,,,2.36,
1955-10-01,26.9,2.88,2.76,,,,2.93,,2.62,,,,2.39,
1955-11-01,26.9,2.89,2.81,,,,2.93,,2.73,,,,2.48,
1955-12-01,26.8,2.96,2.93,,,,2.98,,2.88,,,,2.73,
1956-01-01,26.8,2.9,2.84,,,,2.94,,2.78,,,,2.58,
1956-02-01,26.8,2.84,2.74,,,,2.91,,2.67,,,,2.49,
1956-03-01,26.8,2.96,2.93,,,,2.99,,2.89,,,,2.61,
1956-04-01,26.9,3.18,3.2,,,,3.14,,3.19,,,,2.92,
1956-05-01,27.0,3.07,3.08,,,,3.06,,3.08,,,,2.94,
1956-06-01,27.2,3.0,2.97,,,,3.0,,2.95,,,,2.74,
1956-07-01,27.4,3.11,3.12,,,,3.08,,3.06,,,,2.76,
1956-08-01,27.3,3.33,3.41,,,,3.22,,3.39,,,,3.1,
1956-09-01,27.4,3.38,3.47,,,,3.28,,3.5,,,,3.35,
1956-10-01,27.5,3.34,3.4,,,,3.26,,3.4,,,,3.28,
1956-11-01,27.5,3.49,3.56,,,,3.37,,3.57,,,,3.44,
1956-12-01,27.6,3.59,3.7,,,,3.45,,3.76,,,,3.68,
1957-01-01,27.6,3.46,3.47,,,,3.41,,3.46,,,,3.37,
1957-02-01,27.7,3.34,3.39,,,,3.3,,3.42,,,,3.38,
1957-03-01,27.8,3.41,3.46,,,,3.32,,3.47,,,,3.42,
1957-04-01,27.9,3.48,3.53,,,,3.4,,3.53,,,,3.49,
1957-05-01,28.0,3.6,3.64,,,,3.49,,3.61,,,,3.48,
1957-06-01,28.1,3.8,3.83,,,,3.65,,3.8,,,,3.65,
1957-07-01,28.3,3.93,4.0,,,,3.72,,3.96,,,,3.81,
1957-08-01,28.3,3.93,4.0,,,,3.75,,4.02,,,,4.01,
1957-09-01,28.3,3.92,4.03,,,,3.73,,4.06,,,,4.07,
1957-10-01,28.3,3.97,4.08,,,,3.76,,4.09,,,,4.01,
1957-11-01,28.4,3.72,3.72,,,,3.61,,3.7,,,,3.57,
1957-12-01,28.4,3.21,3.08,,,,3.38,,3.11,,,,3.18,
1958-01-01,28.6,3.09,2.88,,,,3.27,,2.78,,,,2.65,
1958-02-01,28.6,3.05,2.78,,,,3.31,,2.58,,,,1.99,
1958-03-01,28.8,2.98,2.64,,,,3.29,,2.4,,,,1.84,
1958-04-01,28.9,2.88,2.46,,,,3.17,,2.15,,,,1.45,
1958-05-01,28.9,2.92,2.41,,,,3.17,,2.07,,,,1.37,
1958-06-01,28.9,2.97,2.46,,,,3.23,,2.08,,,,1.23,
1958-07-01,29.0,3.2,2.77,,,,3.39,,2.42,,,,1.61,
1958-08-01,28.9,3.54,3.29,,,,3.65,,3.06,,,,2.5,
1958-09-01,28.9,3.76,3.69,,,,3.8,,3.52,,,,3.05,
1958-10-01,28.9,3.8,3.78,,,,3.81,,3.67,,,,3.19,
1958-11-01,29.0,3.74,3.7,,,,3.76,,3.6,,,,3.1,
1958-12-01,28.9,3.86,3.82,,,,3.86,,3.72,,,,3.29,
1959-01-01,29.0,4.02,4.01,,,,3.95,,3.91,,,,3.36,
1959-02-01,28.9,3.96,3.96,,,,3.96,,3.92,,,,3.54,
1959-03-01,28.9,3.99,3.99,,,,3.99,,3.97,,,,3.61,
1959-04-01,29.0,4.12,4.12,,,,4.06,,4.03,,,,3.72,
1959-05-01,29.0,4.31,4.35,,,,4.13,,4.25,,,,3.96,
1959-06-01,29.1,4.34,4.5,,,,4.14,,4.52,,,,4.07,
1959-07-01,29.2,4.4,4.58,,,,4.16,,4.6,,,,4.39,
1959-08-01,29.2,4.43,4.57,,,,4.15,,4.6,,,,4.42,
1959-09-01,29.3,4.68,4.9,,,,4.29,,4.97,,,,5.0,
1959-10-01,29.4,4.53,4.72,,,,4.19,,4.78,,,,4.8,
1959-11-01,29.4,4.53,4.75,,,,4.2,,4.85,,,,4.81,
1959-12-01,29.4,4.69,5.01,,,,4.33,,5.12,,,,5.14,
1960-01-01,29.3,4.72,4.92,,,,4.42,,4.99,,,,5.03,
1960-02-01,29.4,4.49,4.69,,,,4.28,,4.73,,,,4.66,
1960-03-01,29.4,4.25,4.31,,,,4.14,,4.29,,,,4.02,
1960-04-01,29.5,4.28,4.29,,,,4.23,,4.27,,,,4.04,
1960-05-01,29.5,4.35,4.49,,,,4.2,,4.46,,,,4.21,
1960-06-01,29.6,4.15,4.12,,,,4.04,,4.01,,,,3.36,
1960-07-01,29.6,3.9,3.79,,,,3.91,,3.63,,,,3.2,
1960-08-01,29.6,3.8,3.62,,,,3.84,,3.41,,,,2.95,
1960-09-01,29.6,3.8,3.61,,,,3.86,,3.43,,,,3.07,
1960-10-01,29.8,3.89,3.76,,,,3.92,,3.53,,,,3.04,
1960-11-01,29.8,3.93,3.81,,,,3.96,,3.6,,,,3.08,
1960-12-01,29.8,3.84,3.67,,,,3.91,,3.42,,,,2.86,
1961-01-01,29.8,3.84,3.67,,,,3.9,,3.39,,,,2.81,
1961-02-01,29.8,3.78,3.66,,,,3.84,,3.46,,,,2.93,
1961-03-01,29.8,3.74,3.6,,,,3.81,,3.35,,,,2.88,
1961-04-01,29.8,3.78,3.57,,,,3.81,,3.33,,,,2.88,
1961-05-01,29.8,3.71,3.47,,,,3.74,,3.23,,,,2.87,
1961-06-01,29.8,3.88,3.81,,,,3.89,,3.63,,,,3.06,
1961-07-01,30.0,3.92,3.84,,,,3.93,,3.59,,,,2.92,
1961-08-01,29.9,4.04,3.96,,,,4.04,,3.76,,,,3.06,
1961-09-01,30.0,3.98,3.9,,,,4.04,,3.73,,,,3.06,
1961-10-01,30.0,3.92,3.8,,,,4.01,,3.62,,,,3.05,
1961-11-01,30.0,3.94,3.82,,,,4.0,,3.61,,,,3.07,
1961-12-01,30.0,4.06,3.91,,,,4.07,,3.72,,,,3.18,
1962-01-01,30.0,4.08,3.94,,,,4.1,,3.76,,,,3.28,
1962-02-01,30.1,4.04,3.89,,,,4.12,,3.69,,,,3.28,
1962-03-01,30.1,3.93,3.68,,,,4.04,,3.45,,,,3.06,
1962-04-01,30.2,3.84,3.6,,,,3.93,,3.38,,,,2.99,
1962-05-01,30.2,3.87,3.66,,,,3.92,,3.4,,,,3.03,
1962-06-01,30.2,3.91,3.64,,,,3.96,,3.39,,,,3.03,
1962-07-01,30.3,4.01,3.8,,,,4.05,,3.62,,,,3.29,
1962-08-01,30.3,3.98,3.71,,,,4.01,,3.46,,,,3.2,
1962-09-01,30.4,3.98,3.7,,,,4.0,,3.41,,,,3.06,
1962-10-01,30.4,3.93,3.64,,,,3.94,,3.33,,,,2.98,
1962-11-01,30.4,3.92,3.6,,,,3.93,,3.4,,,,3.0,
1962-12-01,30.4,3.86,3.56,,,,3.92,,3.37,,,,3.01,
1963-01-01,30.4,3.83,3.58,,,,3.93,,3.4,,,,3.04,
1963-02-01,30.4,3.92,3.66,,,,3.97,,3.39,,,,3.01,
1963-03-01,30.5,3.93,3.68,,,,3.98,,3.41,,,,3.03,
1963-04-01,30.5,3.97,3.74,,,,4.03,,3.5,,,,3.11,
1963-05-01,30.5,3.93,3.72,,,,4.02,,3.54,,,,3.12,
1963-06-01,30.6,3.99,3.81,,,,4.02,,3.61,,,,3.2,
1963-07-01,30.7,4.02,3.89,,,,4.06,,3.76,,,,3.48,
1963-08-01,30.7,4.0,3.89,,,,4.03,,3.77,,,,3.53,
1963-09-01,30.7,4.08,3.96,,,,4.09,,3.82,,,,3.57,
1963-10-01,30.8,4.11,3.97,,,,4.12,,3.87,,,,3.64,
1963-11-01,30.8,4.12,4.01,,,,4.16,,3.95,,,,3.74,
1963-12-01,30.9,4.13,4.04,,,,4.19,,4.01,,,,3.81,
1964-01-01,30.9,4.17,4.07,,,,4.19,,4.04,,,,3.79,
1964-02-01,30.9,4.15,4.03,,,,4.17,,4.0,,,,3.78,
1964-03-01,30.9,4.22,4.14,,,,4.22,,4.12,,,,3.91,
1964-04-01,30.9,4.23,4.15,,,,4.24,,4.15,,,,3.91,
1964-05-01,30.9,4.2,4.05,,,,4.2,,4.04,,,,3.84,
1964-06-01,31.0,4.17,4.02,,,,4.17,,4.01,,,,3.83,
1964-07-01,31.1,4.19,4.03,,,,4.16,,3.93,,,,3.72,
1964-08-01,31.0,4.19,4.05,,,,4.18,,3.93,,,,3.74,
1964-09-01,31.1,4.2,4.08,,,,4.2,,4.01,,,,3.84,
1964-10-01,31.1,4.19,4.07,,,,4.2,,4.02,,,,3.86,
1964-11-01,31.2,4.15,4.04,,,,4.17,,4.04,,,,3.91,
1964-12-01,31.2,4.18,4.09,,,,4.18,,4.08,,,,4.02,
1965-01-01,31.2,4.19,4.1,,,,4.19,,4.03,,,,3.94,
1965-02-01,31.2,4.21,4.15,,,,4.21,,4.08,,,,4.03,
1965-03-01,31.3,4.21,4.15,,,,4.2,,4.13,,,,4.06,
1965-04-01,31.4,4.2,4.15,,,,4.2,,4.12,,,,4.04,
1965-05-01,31.4,4.21,4.15,,,,4.21,,4.11,,,,4.03,
1965-06-01,31.6,4.21,4.15,,,,4.21,,4.08,,,,3.99,
1965-07-01,31.6,4.2,4.15,,,,4.21,,4.09,,,,3.98,
1965-08-01,31.6,4.25,4.2,,,,4.25,,4.16,,,,4.07,
1965-09-01,31.6,4.29,4.25,,,,4.3,,4.24,,,,4.2,
1965-10-01,31.7,4.35,4.34,,,,4.32,,4.33,,,,4.3,
1965-11-01,31.7,4.45,4.46,,,,4.4,,4.45,,,,4.37,
1965-12-01,31.8,4.62,4.72,,,,4.5,,4.79,,,,4.72,
1966-01-01,31.8,4.61,4.86,,,,4.52,,4.9,,,,4.88,
1966-02-01,32.0,4.83,4.98,,,,4.71,,5.02,,,,4.94,
1966-03-01,32.1,4.87,4.92,,,,4.72,,4.97,,,,4.97,
1966-04-01,32.3,4.75,4.83,,,,4.65,,4.89,,,,4.9,
1966-05-01,32.3,4.78,4.89,,,,4.69,,5.0,,,,4.93,
1966-06-01,32.4,4.81,4.97,,,,4.73,,5.05,,,,4.97,
1966-07-01,32.5,5.02,5.17,,,,4.84,,5.26,,,,5.17,
1966-08-01,32.7,5.22,5.5,,,,4.95,,5.68,,,,5.54,
1966-09-01,32.7,5.18,5.5,,,,4.94,,5.79,,,,5.82,
1966-10-01,32.9,5.01,5.27,,,,4.83,,5.48,,,,5.58,
1966-11-01,32.9,5.16,5.36,,,,4.87,,5.53,,,,5.54,
1966-12-01,32.9,4.84,5.0,,,,4.76,,5.19,,,,5.2,
1967-01-01,32.9,4.58,4.7,,,,4.51,,4.75,,,,4.75,
1967-02-01,32.9,4.63,4.74,,,,4.61,,4.73,,,,4.71,
1967-03-01,33.0,4.54,4.54,,,,4.56,,4.47,,,,4.35,
1967-04-01,33.1,4.59,4.51,,,,4.64,,4.38,,,,4.11,
1967-05-01,33.2,4.85,4.75,,,,4.9,,4.61,,,,4.15,
1967-06-01,33.3,5.02,5.01,,,,4.99,,4.89,,,,4.48,
1967-07-01,33.4,5.16,5.23,,,,5.01,,5.06,,,,5.01,
1967-08-01,33.5,5.28,5.31,,,,5.12,,5.23,,,,5.13,
1967-09-01,33.6,5.3,5.4,,,,5.16,,5.41,,,,5.24,
1967-10-01,33.7,5.48,5.57,,,,5.36,,5.52,,,,5.37,
1967-11-01,33.8,5.75,5.78,,,,5.66,,5.71,,,,5.61,
1967-12-01,33.9,5.7,5.75,,,,5.59,,5.71,,,,5.71,
1968-01-01,34.1,5.53,5.54,,,,5.39,,5.53,,,,5.43,
1968-02-01,34.2,5.56,5.59,,,,5.38,,5.61,,,,5.41,
1968-03-01,34.3,5.74,5.76,,,,5.59,,5.8,,,,5.58,
1968-04-01,34.4,5.64,5.69,,,,5.46,,5.75,,,,5.71,
1968-05-01,34.5,5.87,6.04,,,,5.55,,6.11,,,,6.14,
1968-06-01,34.7,5.72,5.85,,,,5.4,,5.82,,,,5.98,
1968-07-01,34.9,5.5,5.6,,,,5.29,,5.54,,,,5.65,
1968-08-01,35.0,5.42,5.5,,,,5.23,,5.42,,,,5.43,
1968-09-01,35.1,5.46,5.48,,,,5.28,,5.39,,,,5.45,
1968-10-01,35.3,5.58,5.55,,,,5.44,,5.52,,,,5.57,
1968-11-01,35.4,5.7,5.66,,,,5.56,,5.57,,,,5.75,
1968-12-01,35.5,6.03,6.12,,,,5.88,,6.16,,,,6.19,
1969-01-01,35.6,6.04,6.25,,,,5.99,,6.22,,,,6.34,
1969-02-01,35.8,6.19,6.34,,,,6.11,,6.32,,,,6.41,
1969-03-01,36.1,6.3,6.41,,,,6.22,,6.38,,,,6.34,
1969-04-01,36.3,6.17,6.3,,,,6.03,,6.25,,,,6.26,
1969-05-01,36.4,6.32,6.54,,,,6.11,,6.51,,,,6.42,
1969-06-01,36.6,6.57,6.75,,,,6.28,,6.83,,,,7.04,
1969-07-01,36.8,6.72,7.01,,,,6.27,,7.31,,6.8,,7.6,
1969-08-01,37.0,6.69,7.03,,,,6.22,,7.29,,6.79,,7.54,
1969-09-01,37.1,7.16,7.57,,,,6.55,,7.77,,7.36,,7.82,
1969-10-01,37.3,7.1,7.51,,,,6.49,,7.57,,7.24,,7.64,
1969-11-01,37.5,7.14,7.53,,,,6.74,,7.65,,7.17,,7.89,
1969-12-01,37.7,7.65,7.96,,,,6.91,,8.1,,7.51,,8.17,
1970-01-01,37.8,7.79,8.17,,,,6.92,,8.24,,7.73,,8.1,
1970-02-01,38.0,7.24,7.82,,,,6.67,,7.79,,7.51,,7.59,
1970-03-01,38.2,7.07,7.21,,,,6.72,,7.15,,7.13,,6.97,
1970-04-01,38.5,7.39,7.5,,,,6.85,,7.39,,7.45,,7.06,
1970-05-01,38.6,7.91,7.97,,,,7.24,,7.94,,7.93,,7.75,
1970-06-01,38.8,7.84,7.85,,,,7.34,,7.84,,7.84,,7.55,
1970-07-01,39.0,7.46,7.59,,,,6.92,,7.56,,7.61,,7.1,
1970-08-01,39.0,7.53,7.57,,,,7.07,,7.46,,7.59,,6.98,
1970-09-01,39.2,7.39,7.29,,,,6.88,,7.11,,7.4,,6.73,
1970-10-01,39.4,7.33,7.12,,,,6.88,,6.96,,7.32,,6.43,
1970-11-01,39.6,6.84,6.47,,,,6.58,,6.25,,6.76,,5.51,
1970-12-01,39.8,6.39,5.95,,,,6.28,,5.75,,6.23,,5.0,
1971-01-01,39.8,6.24,5.89,,,,6.18,,5.61,,6.16,,4.57,
1971-02-01,39.9,6.11,5.56,,,,6.14,,5.07,,5.94,,3.89,
1971-03-01,40.0,5.7,5.0,,,,5.94,,4.5,,5.42,,3.69,
1971-04-01,40.1,5.83,5.65,,,,6.0,,5.22,,5.87,,4.3,
1971-05-01,40.3,6.39,6.28,,,,6.32,,5.97,,6.42,,5.04,
1971-06-01,40.6,6.52,6.53,,,,6.38,,6.32,,6.65,,5.64,
1971-07-01,40.7,6.73,6.85,,,,6.38,,6.74,,6.92,,6.04,
1971-08-01,40.8,6.58,6.55,,,,6.27,,6.35,,6.67,,5.8,
1971-09-01,40.8,6.14,6.14,,,,6.05,,5.89,,6.2,,5.41,
1971-10-01,40.9,5.93,5.93,,,,5.92,,5.56,,5.98,,4.91,
1971-11-01,40.9,5.81,5.78,,,,5.86,,5.35,,5.94,,4.67,
1971-12-01,41.1,5.93,5.69,,,,6.0,,5.27,,5.97,,4.6,
1972-01-01,41.1,5.95,5.59,,,,6.01,,5.14,,5.91,,4.28,
1972-02-01,41.3,6.08,5.69,,,,6.06,,5.25,,5.99,,4.27,
1972-03-01,41.4,6.07,5.87,,,,6.06,,5.56,,6.05,,4.67,
1972-04-01,41.5,6.19,6.17,,,,6.16,,5.88,,6.22,,4.96,
1972-05-01,41.6,6.13,5.85,,,,6.07,,5.55,,6.07,,4.64,
1972-06-01,41.7,6.11,5.91,,,,6.01,,5.64,,6.06,,4.93,
1972-07-01,41.9,6.11,5.97,,,,6.01,,5.78,,6.09,,4.96,
1972-08-01,42.0,6.21,6.02,,,,5.94,,5.79,,6.19,,4.98,
1972-09-01,42.1,6.55,6.25,,,,6.05,,6.06,,6.43,,5.52,
1972-10-01,42.3,6.48,6.18,,,,6.0,,6.05,,6.35,,5.52,
1972-11-01,42.4,6.28,6.12,,,,5.79,,5.94,,6.18,,5.27,
1972-12-01,42.5,6.36,6.16,,,,5.96,,6.01,,6.2,,5.52,
1973-01-01,42.6,6.46,6.34,,,,6.78,,6.27,,6.36,,5.89,
1973-02-01,42.9,6.64,6.6,,,,6.88,,6.58,,6.6,,6.19,
1973-03-01,43.3,6.71,6.8,,,,6.91,,6.86,,6.76,,6.85,
1973-04-01,43.6,6.67,6.67,,,,6.86,,6.78,,6.67,,6.85,
1973-05-01,43.9,6.85,6.8,,,,6.99,,6.83,,6.83,,6.89,
1973-06-01,44.2,6.9,6.69,,,,7.06,,6.84,,6.81,,7.31,
1973-07-01,44.3,7.13,7.33,,,,7.29,,7.54,,7.23,,8.39,
1973-08-01,45.1,7.4,7.63,,,,7.61,,7.89,,7.52,,8.82,
1973-09-01,45.2,7.09,7.05,,,,7.25,,7.25,,7.08,,8.31,
1973-10-01,45.6,6.79,6.77,,,,7.18,,6.81,,6.78,,7.4,
1973-11-01,45.9,6.73,6.92,,,,7.3,,7.0,,6.89,,7.57,
1973-12-01,46.2,6.74,6.8,,,,7.29,,6.81,,6.77,,7.27,
1974-01-01,46.6,6.99,6.95,,,,7.47,,6.96,,6.88,,7.42,
1974-02-01,47.2,6.96,6.82,,,,7.46,,6.76,,6.92,,6.88,
1974-03-01,47.8,7.21,7.31,,,,7.73,,7.35,,7.34,,7.76,
1974-04-01,48.0,7.51,7.92,,,,8.01,,8.05,,7.77,,8.62,
1974-05-01,48.6,7.58,8.18,,,,8.14,,8.27,,7.93,,8.78,
1974-06-01,49.0,7.54,8.1,,,,8.1,,8.15,,7.9,,8.67,
1974-07-01,49.4,7.81,8.38,,,,8.26,,8.41,,8.19,,8.8,
1974-08-01,50.0,8.04,8.63,,,,8.6,,8.66,,8.41,,9.36,
1974-09-01,50.6,8.04,8.37,,,,8.59,,8.41,,8.25,,8.87,
1974-10-01,51.1,7.9,7.97,,,,8.37,,8.0,,7.92,,8.05,
1974-11-01,51.5,7.68,7.68,,,,7.98,,7.61,,7.68,,7.66,
1974-12-01,51.9,7.43,7.31,,,,7.91,,7.24,,7.38,,7.31,
1975-01-01,52.1,7.5,7.41,,,,7.88,,7.23,,7.45,,6.83,
1975-02-01,52.5,7.39,7.11,,,,7.71,,6.65,,7.3,,5.98,
1975-03-01,52.7,7.73,7.3,,,,7.99,,6.81,,7.58,,6.11,
1975-04-01,52.9,8.23,7.99,,,,8.36,,7.76,,8.1,,6.9,
1975-05-01,53.2,8.06,7.72,,,,8.22,,7.39,,7.9,,6.39,
1975-06-01,53.6,7.86,7.51,,,,8.04,,7.17,,7.69,,6.29,
1975-07-01,54.2,8.06,7.92,,,,8.17,,7.72,,7.99,,7.11,
1975-08-01,54.3,8.4,8.33,,,,8.5,,8.16,,8.37,,7.7,
1975-09-01,54.6,8.43,8.37,,,,8.57,,8.29,,8.39,,7.75,
1975-10-01,54.9,8.14,7.97,,,,8.35,,7.81,,8.06,,6.95,
1975-11-01,55.3,8.05,7.8,,,,8.28,,7.46,,7.98,,6.49,
1975-12-01,55.5,8.0,7.76,,,,8.23,,7.43,,7.93,,6.6,
1976-01-01,55.6,7.74,7.46,,,,8.01,,6.99,,7.67,,5.81,
1976-02-01,55.8,7.79,7.45,,,,8.03,,7.06,,7.72,,5.91,
1976-03-01,55.9,7.73,7.49,,,,7.97,,7.13,,7.65,,6.21,
1976-04-01,56.1,7.56,7.25,,,,7.86,,6.84,,7.44,,5.92,
1976-05-01,56.5,7.9,7.59,,,,8.13,,7.27,,7.77,,6.4,
1976-06-01,56.8,7.86,7.61,,7.06,,8.03,,7.31,,7.75,,6.52,
1976-07-01,57.1,7.83,7.49,,6.85,,8.0,,7.12,,7.7,,6.2,
1976-08-01,57.4,7.77,7.31,,6.63,,7.91,,6.86,,7.58,,6.0,
1976-09-01,57.6,7.59,7.13,,6.42,,7.78,,6.66,,7.41,,5.84,
1976-10-01,57.9,7.41,6.75,,5.98,,7.7,,6.24,,7.16,,5.5,
1976-11-01,58.0,7.29,6.52,,5.81,,7.64,,6.09,,6.86,,5.29,
1976-12-01,58.2,6.87,6.1,,5.38,,7.3,,5.68,,6.37,,4.89,
1977-01-01,58.5,7.21,6.58,,5.9,,7.48,,6.22,,6.92,,5.29,
1977-02-01,59.1,7.39,6.83,7.75,6.09,,7.64,,6.44,,7.16,,5.47,
1977-03-01,59.5,7.46,6.93,7.8,6.09,,7.73,,6.47,,7.2,,5.5,
1977-04-01,60.0,7.37,6.79,7.73,5.96,,7.67,,6.31,,7.11,,5.44,
1977-05-01,60.3,7.46,6.94,7.8,6.25,,7.74,,6.55,,7.26,,5.84,
1977-06-01,60.7,7.28,6.76,7.64,6.13,,7.64,,6.39,,7.05,,5.8,
1977-07-01,61.0,7.33,6.84,7.64,6.27,,7.6,,6.51,,7.12,,5.94,
1977-08-01,61.2,7.4,7.03,7.68,6.61,,7.64,,6.79,,7.24,,6.37,
1977-09-01,61.4,7.34,7.04,7.64,6.71,,7.57,,6.84,,7.21,,6.53,
1977-10-01,61.6,7.52,7.32,7.77,7.11,,7.71,,7.19,,7.44,,6.97,
1977-11-01,61.9,7.58,7.34,7.85,7.14,,7.76,,7.22,,7.46,,6.95,
1977-12-01,62.1,7.69,7.48,7.94,7.18,,7.87,,7.3,,7.59,,6.96,
1978-01-01,62.5,7.96,7.77,8.18,7.49,,8.14,,7.61,,7.86,,7.28,
1978-02-01,62.9,8.03,7.83,8.25,7.57,,8.22,,7.67,,7.94,,7.34,
1978-03-01,63.4,8.04,7.86,8.23,7.58,,8.21,,7.7,,7.95,,7.31,
1978-04-01,63.9,8.15,7.98,8.34,7.74,,8.32,,7.85,,8.06,,7.45,
1978-05-01,64.5,8.35,8.18,8.43,8.01,,8.44,,8.07,,8.25,,7.82,
1978-06-01,65.2,8.46,8.36,8.5,8.24,,8.53,,8.3,,8.4,,8.09,
1978-07-01,65.7,8.64,8.54,8.65,8.49,,8.69,,8.54,,8.55,,8.39,
1978-08-01,66.0,8.41,8.33,8.47,8.37,,8.45,,8.33,,8.38,,8.31,
1978-09-01,66.5,8.42,8.43,8.47,8.57,,8.47,,8.41,,8.42,,8.64,
1978-10-01,67.1,8.64,8.61,8.67,8.85,,8.69,,8.62,,8.64,,9.14,
1978-11-01,67.4,8.81,8.84,8.75,9.42,,8.75,,9.04,,8.8,,10.01,
1978-12-01,67.7,9.01,9.08,8.88,9.72,,8.9,,9.33,,9.03,,10.3,
1979-01-01,68.3,9.1,9.2,8.94,9.86,,8.98,,9.5,,9.14,,10.41,
1979-02-01,69.1,9.1,9.13,9.0,9.72,,9.03,,9.29,,9.11,,10.24,
1979-03-01,69.8,9.12,9.2,9.03,9.79,,9.08,,9.38,,9.15,,10.25,
1979-04-01,70.6,9.18,9.25,9.08,9.78,,9.12,,9.43,,9.21,,10.12,
1979-05-01,71.5,9.25,9.24,9.19,9.78,,9.21,,9.42,,9.23,,10.12,
1979-06-01,72.3,8.91,8.85,8.92,9.22,,8.91,,8.95,,8.86,,9.57,
1979-07-01,73.1,8.95,8.9,8.93,9.14,,8.92,,8.94,,8.92,,9.64,
1979-08-01,73.8,9.03,9.06,8.98,9.46,,8.97,,9.14,,9.05,,9.98,
1979-09-01,74.6,9.33,9.41,9.17,10.06,,9.21,,9.69,,9.38,,10.84,
1979-10-01,75.2,10.3,10.63,9.85,11.49,,9.99,,10.95,,10.47,,12.44,
1979-11-01,75.9,10.65,10.93,10.3,11.81,,10.37,,11.18,,10.8,,12.39,
1979-12-01,76.7,10.39,10.42,10.12,11.39,,10.18,,10.71,,10.42,,11.98,
1980-01-01,77.8,10.8,10.74,10.6,11.5,,10.65,,10.88,,10.77,,12.06,
1980-02-01,78.9,12.41,12.6,12.13,13.42,,12.21,,12.84,,12.53,,13.92,
1980-03-01,80.1,12.75,13.47,12.34,14.88,,12.49,,14.05,,13.0,,15.82,
1980-04-01,81.0,11.47,11.84,11.4,12.5,,11.42,,12.02,,11.49,,13.3,
1980-05-01,81.8,10.18,9.95,10.36,9.45,,10.44,,9.44,,10.09,,9.39,
1980-06-01,82.7,9.78,9.21,9.81,8.73,,9.89,,8.91,,9.45,,8.16,
1980-07-01,82.7,10.25,9.53,10.24,9.03,,10.32,,9.27,,9.84,,8.65,
1980-08-01,83.3,11.1,10.84,11.0,10.53,,11.07,,10.63,,10.95,,10.24,
1980-09-01,84.0,11.51,11.62,11.34,11.57,,11.47,,11.57,,11.57,,11.52,
1980-10-01,84.8,11.75,11.86,11.59,12.09,,11.75,,12.01,,11.79,,12.49,
1980-11-01,85.5,12.68,12.83,12.37,13.51,,12.44,,13.31,,12.71,,14.15,
1980-12-01,86.3,12.84,13.25,12.4,14.08,,12.49,,13.65,,13.0,,14.88,
1981-01-01,87.0,12.57,12.77,12.14,13.26,,12.29,,13.01,,12.66,,14.08,
1981-02-01,87.9,13.19,13.41,12.8,13.92,,12.98,,13.65,,13.28,,14.57,
1981-03-01,88.5,13.12,13.41,12.69,13.57,,12.94,,13.51,,13.24,,13.71,
1981-04-01,89.1,13.68,13.99,13.2,14.15,,13.46,,14.09,,13.85,,14.32,
1981-05-01,89.8,14.1,14.63,13.6,15.46,,13.82,,15.08,,14.3,,16.2,
1981-06-01,90.6,13.47,13.95,12.96,14.51,,13.2,,14.29,,13.67,,14.86,
1981-07-01,91.6,14.28,14.79,13.59,15.35,,13.92,,15.15,,14.49,,15.72,
1981-08-01,92.3,14.94,15.56,14.17,16.28,,14.52,,16.0,,15.22,,16.72,
1981-09-01,93.2,15.32,15.93,14.67,16.46,,15.07,,16.22,,15.65,,16.52,
1981-10-01,93.4,15.15,15.41,14.68,15.54,,15.13,,15.5,,15.33,,15.38,
1981-11-01,93.7,13.39,13.38,13.35,12.88,,13.56,,13.11,,13.42,,12.41,
1981-12-01,94.0,13.72,13.6,13.45,13.29,,13.73,,13.66,,13.62,,12.85,
1982-01-01,94.3,14.59,14.65,14.22,14.57,,14.57,12.92,14.64,,14.67,,14.32,
1982-02-01,94.6,14.43,14.54,14.22,14.82,,14.48,14.28,14.73,,14.46,,14.73,
1982-03-01,94.5,13.86,13.98,13.53,14.19,,13.75,13.31,14.13,,13.93,,13.95,
1982-04-01,94.9,13.87,14.0,13.37,14.2,,13.57,13.34,14.18,,13.94,,13.98,
1982-05-01,95.8,13.62,13.75,13.24,13.78,,13.46,12.71,13.77,,13.74,,13.34,
1982-06-01,97.0,14.3,14.43,13.92,14.47,,14.18,13.08,14.48,,14.47,,14.07,
1982-07-01,97.5,13.95,14.07,13.55,13.8,,13.76,11.86,14.0,,14.07,,13.24,
1982-08-01,97.7,13.06,13.0,12.77,12.32,,12.91,9.0,12.62,,13.14,,11.43,
1982-09-01,97.9,12.34,12.25,12.07,11.78,,12.16,8.19,12.03,,12.36,,10.85,
1982-10-01,98.2,10.91,10.8,11.17,10.19,,10.97,7.97,10.62,,10.88,,9.32,
1982-11-01,98.0,10.55,10.38,10.54,9.8,,10.57,8.35,9.98,,10.53,,9.16,
1982-12-01,97.6,10.54,10.22,10.54,9.66,,10.62,8.2,9.88,,10.49,,8.91,
1983-01-01,97.8,10.46,10.03,10.63,9.33,,10.78,8.12,9.64,,10.36,,8.62,
1983-02-01,97.9,10.72,10.26,10.88,9.64,,11.03,8.39,9.91,,10.56,,8.92,
1983-03-01,97.9,10.51,10.08,10.63,9.66,,10.8,8.66,9.84,,10.31,,9.04,
1983-04-01,98.6,10.4,10.02,10.48,9.57,,10.63,8.51,9.76,,10.29,,8.98,
1983-05-01,99.2,10.38,10.03,10.53,9.49,,10.67,8.5,9.66,,10.3,,8.9,
1983-06-01,99.5,10.85,10.63,10.93,10.18,,11.12,9.14,10.32,,10.83,,9.66,
1983-07-01,99.9,11.38,11.21,11.4,10.69,,11.59,9.45,10.9,,11.35,,10.2,
1983-08-01,100.2,11.85,11.63,11.82,11.07,,11.96,9.74,11.3,,11.77,,10.53,
1983-09-01,100.7,11.65,11.43,11.63,10.79,,11.82,9.36,11.07,,11.61,,10.16,
1983-10-01,101.0,11.54,11.28,11.58,10.57,,11.77,8.99,10.87,,11.47,,9.81,
1983-11-01,101.2,11.69,11.41,11.75,10.66,,11.92,9.11,10.96,,11.61,,9.94,
1983-12-01,101.3,11.83,11.54,11.88,10.84,,12.02,9.36,11.13,,11.78,,10.11,
1984-01-01,101.9,11.67,11.37,11.75,10.64,,11.82,9.26,10.93,,11.58,,9.9,
1984-02-01,102.4,11.84,11.54,11.95,10.79,,12.0,9.46,11.05,,11.75,,10.04,
1984-03-01,102.6,12.32,12.02,12.38,11.31,,12.45,9.89,11.59,,12.25,,10.59,
1984-04-01,103.1,12.63,12.37,12.65,11.69,,12.65,10.07,11.98,,12.56,,10.9,
1984-05-01,103.4,13.41,13.17,13.43,12.47,,13.43,10.22,12.75,,13.34,,11.66,
1984-06-01,103.7,13.56,13.48,13.44,12.91,,13.54,10.26,13.18,,13.56,,12.08,
1984-07-01,104.1,13.36,13.27,13.21,12.88,,13.36,10.53,13.08,,13.35,,12.03,
1984-08-01,104.5,12.72,12.68,12.54,12.43,,12.71,10.9,12.5,,12.75,,11.82,
1984-09-01,105.0,12.52,12.53,12.29,12.2,,12.42,10.8,12.34,,12.6,,11.58,
1984-10-01,105.3,12.16,12.06,11.98,11.6,,12.04,10.12,11.85,,12.16,,10.9,
1984-11-01,105.3,11.57,11.33,11.56,10.65,,11.66,8.92,10.9,,11.49,,9.82,
1984-12-01,105.3,11.5,11.07,11.52,10.18,,11.64,8.34,10.56,,11.45,,9.33,
1985-01-01,105.5,11.38,10.93,11.45,9.93,,11.58,8.02,10.43,,11.27,,9.02,
1985-02-01,106.0,11.51,11.13,11.47,10.17,,11.7,8.56,10.55,,11.44,,9.29,
1985-03-01,106.4,11.86,11.52,11.81,10.71,,12.06,8.83,11.05,,11.82,,9.86,
1985-04-01,106.9,11.43,11.01,11.47,10.09,,11.69,8.22,10.49,,11.34,,9.14,
1985-05-01,107.3,10.85,10.34,11.05,9.39,,11.19,7.73,9.75,,10.72,,8.46,
1985-06-01,107.6,10.16,9.6,10.45,8.69,,10.57,7.18,9.05,,10.08,,7.8,
1985-07-01,107.8,10.31,9.7,10.5,8.77,,10.68,7.32,9.18,,10.16,,7.86,
1985-08-01,108.0,10.33,9.81,10.56,8.94,,10.73,7.37,9.31,,10.2,,8.05,
1985-09-01,108.3,10.37,9.81,10.61,8.98,,10.8,7.33,9.37,,10.24,,8.07,
1985-10-01,108.7,10.24,9.69,10.5,8.86,,10.67,7.4,9.25,,10.11,,8.01,
1985-11-01,109.0,9.78,9.28,10.06,8.58,,10.24,7.48,8.88,,9.62,,7.88,
1985-12-01,109.3,9.26,8.73,9.54,8.15,,9.75,7.33,8.4,,9.11,,7.67,
1986-01-01,109.6,9.19,8.68,9.4,8.14,,9.59,7.3,8.41,,9.03,,7.73,
1986-02-01,109.3,8.7,8.34,8.93,7.97,,9.08,7.29,8.1,,8.58,,7.61,
1986-03-01,108.8,7.78,7.46,7.96,7.21,,8.09,6.76,7.3,,7.67,,7.03,
1986-04-01,108.6,7.3,7.05,7.39,6.7,,7.5,6.24,6.86,,7.16,,6.44,
1986-05-01,108.9,7.71,7.52,7.52,7.07,,7.81,6.33,7.27,,7.65,,6.65,
1986-06-01,109.5,7.8,7.64,7.57,7.18,,7.69,6.4,7.41,,7.75,,6.73,
1986-07-01,109.5,7.3,7.06,7.27,6.67,,7.29,6.0,6.86,,7.22,,6.27,
1986-08-01,109.7,7.17,6.8,7.33,6.33,,7.28,5.69,6.49,,7.01,,5.93,
1986-09-01,110.2,7.45,6.92,7.62,6.35,,7.56,5.35,6.62,,7.28,,5.77,
1986-10-01,110.3,7.43,6.83,7.7,6.28,,7.61,5.32,6.56,,7.24,,5.72,
1986-11-01,110.4,7.25,6.76,7.52,6.28,,7.42,5.5,6.46,,7.08,,5.8,
1986-12-01,110.5,7.11,6.67,7.37,6.27,,7.28,5.68,6.43,,6.97,,5.87,
1987-01-01,111.2,7.08,6.64,7.39,6.23,,,5.58,6.41,,6.92,,5.78,
1987-02-01,111.6,7.25,6.79,7.54,6.4,,,5.75,6.56,,7.06,,5.96,
1987-03-01,112.1,7.25,6.79,7.55,6.42,,,5.77,6.58,,7.06,,6.03,
1987-04-01,112.7,8.02,7.57,8.25,7.02,,,5.82,7.32,,7.83,,6.5,
1987-05-01,113.1,8.61,8.26,8.78,7.76,,,5.85,8.02,,8.47,,7.0,
1987-06-01,113.5,8.4,8.02,8.57,7.57,,,5.85,7.82,,8.27,,6.8,
1987-07-01,113.8,8.45,8.01,8.64,7.44,,,5.88,7.74,,8.27,,6.68,
1987-08-01,114.4,8.76,8.32,8.97,7.75,,,6.23,8.03,,8.59,,7.03,
1987-09-01,115.0,9.42,8.94,9.59,8.34,,,6.62,8.67,,9.26,,7.67,
1987-10-01,115.3,9.52,9.08,9.61,8.4,,,6.35,8.75,,9.37,,7.59,
1987-11-01,115.4,8.86,8.35,8.95,7.69,,,5.89,7.99,,8.69,,6.96,
1987-12-01,115.4,8.99,8.45,9.12,7.86,,,5.96,8.13,,8.82,,7.17,
1988-01-01,115.7,8.67,8.18,8.83,7.63,,,6.0,7.87,,8.48,,6.99,
1988-02-01,116.0,8.21,7.71,8.43,7.18,,,5.84,7.38,,8.02,,6.64,
1988-03-01,116.5,8.37,7.83,8.63,7.27,,,5.87,7.5,,8.19,,6.71,
1988-04-01,117.1,8.72,8.19,8.95,7.59,,,6.08,7.83,,8.52,,7.01,
1988-05-01,117.5,9.09,8.58,9.23,8.0,,,6.45,8.24,,8.89,,7.4,
1988-06-01,118.0,8.92,8.49,9.0,8.03,,,6.66,8.22,,8.78,,7.49,
1988-07-01,118.5,9.06,8.66,9.14,8.28,,,6.95,8.44,,8.91,,7.75,
1988-08-01,119.0,9.26,8.94,9.32,8.63,,,7.3,8.77,,9.13,,8.17,
1988-09-01,119.8,8.98,8.69,9.06,8.46,,,7.48,8.57,,8.87,,8.09,
1988-10-01,120.2,8.8,8.51,8.89,8.35,,,7.6,8.43,,8.69,,8.11,
1988-11-01,120.3,8.96,8.79,9.02,8.67,,,8.03,8.72,,8.89,,8.48,
1988-12-01,120.5,9.11,9.09,9.01,9.09,,,8.35,9.11,,9.13,,8.99,
1989-01-01,121.1,9.09,9.15,8.93,9.18,,,8.56,9.2,,9.14,,9.05,
1989-02-01,121.6,9.17,9.27,9.01,9.37,,,8.84,9.32,,9.23,,9.25,
1989-03-01,122.3,9.36,9.51,9.17,9.68,,,9.14,9.61,,9.43,,9.57,
1989-04-01,123.1,9.18,9.3,9.03,9.45,,,8.96,9.4,,9.24,,9.36,
1989-05-01,123.8,8.86,8.91,8.83,9.02,,,8.74,8.98,,8.88,,8.98,
1989-06-01,124.1,8.28,8.29,8.27,8.41,,,8.43,8.37,,8.31,,8.44,
1989-07-01,124.4,8.02,7.83,8.08,7.82,,,8.15,7.83,,7.94,,7.89,
1989-08-01,124.6,8.11,8.09,8.12,8.14,,,8.17,8.13,,8.11,,8.18,
1989-09-01,125.0,8.19,8.17,8.15,8.28,,,8.01,8.26,,8.23,,8.22,
1989-10-01,125.6,8.01,7.97,8.0,7.98,,,7.9,8.02,,8.03,,7.99,
1989-11-01,125.9,7.87,7.81,7.9,7.8,,,7.94,7.8,,7.86,,7.77,
1989-12-01,126.1,7.84,7.75,7.9,7.78,,,7.88,7.77,,7.85,,7.72,
1990-01-01,127.4,8.21,8.12,8.26,8.09,,,7.9,8.13,,8.2,,7.92,
1990-02-01,128.0,8.47,8.42,8.5,8.37,,,8.0,8.39,,8.48,,8.11,
1990-03-01,128.7,8.59,8.6,8.56,8.63,,,8.17,8.63,,8.65,,8.35,
1990-04-01,128.9,8.79,8.77,8.76,8.72,,,8.04,8.78,,8.81,,8.4,
1990-05-01,129.2,8.76,8.74,8.73,8.64,,,8.01,8.69,,8.78,,8.32,
1990-06-01,129.9,8.48,8.43,8.46,8.35,,,7.99,8.4,,8.52,,8.1,
1990-07-01,130.4,8.47,8.33,8.5,8.16,,,7.87,8.26,,8.46,,7.94,
1990-08-01,131.6,8.75,8.44,8.86,8.06,,,7.69,8.22,,8.64,,7.78,
1990-09-01,132.7,8.89,8.51,9.03,8.08,,,7.6,8.27,,8.79,,7.76,
1990-10-01,133.5,8.72,8.33,8.86,7.88,,,7.4,8.07,,8.59,,7.55,
1990-11-01,133.8,8.39,8.02,8.54,7.6,,,7.29,7.74,,8.28,,7.31,
1990-12-01,133.8,8.08,7.73,8.24,7.31,,,6.95,7.47,,8.0,,7.05,
1991-01-01,134.6,8.09,7.7,8.27,7.13,,,6.41,7.38,,7.97,,6.64,
1991-02-01,134.8,7.85,7.47,8.03,6.87,,,6.12,7.08,,7.73,,6.27,
1991-03-01,135.0,8.11,7.77,8.29,7.1,,,6.09,7.35,,8.0,,6.4,
1991-04-01,135.2,8.04,7.7,8.21,6.95,,,5.83,7.23,,7.92,,6.24,
1991-05-01,135.6,8.07,7.7,8.27,6.78,,,5.63,7.12,,7.94,,6.13,
1991-06-01,136.0,8.28,7.94,8.47,6.96,,,5.75,7.39,,8.17,,6.36,
1991-07-01,136.2,8.27,7.91,8.45,6.92,,,5.75,7.38,,8.15,,6.31,
1991-08-01,136.6,7.9,7.43,8.14,6.43,,,5.5,6.8,,7.74,,5.78,
1991-09-01,137.2,7.65,7.14,7.95,6.18,,,5.37,6.5,,7.48,,5.57,
1991-10-01,137.4,7.53,6.87,7.93,5.91,,,5.14,6.23,,7.25,,5.33,
1991-11-01,137.8,7.42,6.62,7.92,5.56,,,4.69,5.9,,7.06,,4.89,
1991-12-01,137.9,7.09,6.19,7.7,5.03,,,4.18,5.39,,6.69,,4.38,
1992-01-01,138.1,7.03,6.24,7.58,4.96,,,3.91,5.4,,6.7,,4.15,
1992-02-01,138.6,7.34,6.58,7.85,5.21,,,3.95,5.72,,6.96,,4.29,
1992-03-01,139.3,7.54,6.95,7.97,5.69,,,4.14,6.18,,7.26,,4.63,
1992-04-01,139.5,7.48,6.78,7.96,5.34,,,3.84,5.93,,7.15,,4.3,
1992-05-01,139.7,7.39,6.69,7.89,5.23,,,3.72,5.81,,7.06,,4.19,
1992-06-01,140.2,7.26,6.48,7.84,5.05,,,3.75,5.6,,6.9,,4.17,
1992-07-01,140.5,6.84,5.84,7.6,4.36,,,3.28,4.91,,6.36,,3.6,
1992-08-01,140.9,6.59,5.6,7.39,4.19,,,3.2,4.72,,6.12,,3.47,
1992-09-01,141.3,6.42,5.38,7.34,3.89,,,2.97,4.42,,5.96,,3.18,
1992-10-01,141.8,6.59,5.6,7.53,4.08,,,2.93,4.64,,6.15,,3.3,
1992-11-01,142.0,6.87,6.04,7.61,4.58,,,3.21,5.14,,6.49,,3.68,
1992-12-01,141.9,6.77,6.08,7.44,4.67,,,3.29,5.21,,6.46,,3.71,
1993-01-01,142.6,6.6,5.83,7.34,4.39,,,3.07,4.93,,6.26,,3.5,
1993-02-01,143.1,6.26,5.43,7.09,4.1,,,2.99,4.58,,5.87,,3.39,
1993-03-01,143.6,5.98,5.19,6.82,3.95,,,3.01,4.4,,5.66,,3.33,
1993-04-01,144.0,5.97,5.13,6.85,3.84,,,2.93,4.3,,5.59,,3.24,
1993-05-01,144.2,6.04,5.2,6.92,3.98,,,3.03,4.4,,5.66,,3.36,
1993-06-01,144.4,5.96,5.22,6.81,4.16,,,3.14,4.53,,5.61,,3.54,
1993-07-01,144.4,5.81,5.09,6.63,4.07,,,3.11,4.43,,5.48,,3.47,
1993-08-01,144.8,5.68,5.03,6.32,4.0,,,3.09,4.36,,5.35,,3.44,
1993-09-01,145.1,5.36,4.73,6.0,3.85,,,3.01,4.17,,5.08,,3.36,
1993-10-01,145.7,5.33,4.71,5.94,3.87,,6.07,3.09,4.18,,5.05,,3.39,
1993-11-01,145.8,5.72,5.06,6.21,4.16,,6.38,3.18,4.5,,5.45,,3.58,
1993-12-01,145.8,5.77,5.15,6.25,4.21,,6.4,3.13,4.54,,5.48,,3.61,
1994-01-01,146.2,5.75,5.09,6.29,4.14,,6.39,3.04,4.48,,5.43,,3.54,
1994-02-01,146.7,5.97,5.4,6.49,4.47,,6.57,3.33,4.83,,5.72,,3.87,
1994-03-01,147.2,6.48,5.94,6.91,5.0,,7.0,3.59,5.4,,6.28,,4.32,
1994-04-01,147.4,6.97,6.52,7.27,5.55,,7.4,3.78,5.99,,6.8,,4.82,
1994-05-01,147.5,7.18,6.78,7.41,5.97,,7.54,4.27,6.34,,7.01,,5.31,
1994-06-01,148.0,7.1,6.7,7.4,5.93,,7.51,4.25,6.27,,6.91,,5.27,
1994-07-01,148.4,7.3,6.91,7.58,6.13,,7.67,4.46,6.48,,7.12,,5.48,
1994-08-01,149.0,7.24,6.88,7.49,6.18,,7.62,4.61,6.5,,7.06,,5.56,
1994-09-01,149.4,7.46,7.08,7.71,6.39,,7.87,4.75,6.69,,7.28,,5.76,
1994-10-01,149.5,7.74,7.4,7.94,6.73,,8.08,5.1,7.04,,7.58,,6.11,
1994-11-01,149.7,7.96,7.72,8.08,7.15,,8.2,5.45,7.44,,7.83,,6.54,
1994-12-01,149.7,7.81,7.78,7.87,7.59,,7.99,5.76,7.71,,7.8,,7.14,
1995-01-01,150.3,7.78,7.76,7.85,7.51,,7.97,5.9,7.66,,7.79,,7.05,
1995-02-01,150.9,7.47,7.37,7.61,7.11,,7.73,5.94,7.25,,7.44,,6.7,
1995-03-01,151.4,7.2,7.05,7.45,6.78,,7.57,5.91,6.89,,7.14,,6.43,
1995-04-01,151.9,7.06,6.86,7.36,6.57,,7.45,5.84,6.68,,6.95,,6.27,
1995-05-01,152.2,6.63,6.41,6.95,6.17,,7.01,5.85,6.27,,6.5,,6.0,
1995-06-01,152.5,6.17,5.93,6.57,5.72,,6.59,5.64,5.8,,6.05,,5.64,
1995-07-01,152.5,6.28,6.01,6.72,5.78,,6.74,5.59,5.89,,6.2,,5.59,
1995-08-01,152.9,6.49,6.24,6.86,5.98,,6.92,5.57,6.1,,6.41,,5.75,
1995-09-01,153.2,6.2,6.0,6.55,5.81,,6.65,5.43,5.89,,6.13,,5.62,
1995-10-01,153.7,6.04,5.86,6.37,5.7,,6.45,5.44,5.77,,5.97,,5.59,
1995-11-01,153.6,5.93,5.69,6.26,5.48,,6.33,5.52,5.57,,5.83,,5.43,
1995-12-01,153.5,5.71,5.51,6.06,5.32,,6.12,5.29,5.39,,5.63,,5.31,
1996-01-01,154.4,5.65,5.36,6.05,5.11,,6.11,5.15,5.2,,5.54,,5.09,
1996-02-01,154.9,5.81,5.38,6.24,5.03,,6.3,4.96,5.14,,5.64,,4.94,
1996-03-01,155.7,6.27,5.97,6.6,5.66,,6.74,5.1,5.79,,6.19,,5.34,
1996-04-01,156.3,6.51,6.3,6.79,5.96,,6.98,5.09,6.11,,6.48,,5.54,
1996-05-01,156.6,6.74,6.48,6.93,6.1,,7.11,5.15,6.27,,6.66,,5.64,
1996-06-01,156.7,6.91,6.69,7.06,6.3,,7.22,5.23,6.49,,6.83,,5.81,
1996-07-01,157.0,6.87,6.64,7.03,6.27,,7.14,5.3,6.45,,6.76,,5.85,
1996-08-01,157.3,6.64,6.39,6.84,6.03,,6.97,5.19,6.21,,6.52,,5.67,
1996-09-01,157.8,6.83,6.6,7.03,6.23,,7.17,5.24,6.41,,6.73,,5.83,
1996-10-01,158.3,6.53,6.27,6.81,5.91,,6.9,5.12,6.08,,6.42,,5.55,
1996-11-01,158.6,6.2,5.97,6.48,5.7,,6.58,5.17,5.82,,6.1,,5.42,
1996-12-01,158.6,6.3,6.07,6.55,5.78,,6.65,5.04,5.91,,6.2,,5.47,
1997-01-01,159.1,6.58,6.33,6.83,6.01,,6.91,5.17,6.16,,6.47,,5.61,
1997-02-01,159.6,6.42,6.2,6.69,5.9,,6.77,5.14,6.03,,6.32,,5.53,
1997-03-01,160.0,6.69,6.54,6.93,6.22,,7.05,5.28,6.38,,6.65,,5.8,
1997-04-01,160.2,6.89,6.76,7.09,6.45,,7.2,5.3,6.61,,6.86,,5.99,
1997-05-01,160.1,6.71,6.57,6.94,6.28,,7.02,5.2,6.42,,6.66,,5.87,
1997-06-01,160.3,6.49,6.38,6.77,6.09,,6.84,5.07,6.24,,6.46,,5.69,
1997-07-01,160.5,6.22,6.12,6.51,5.89,,6.56,5.19,6.0,,6.2,,5.54,
1997-08-01,160.8,6.3,6.16,6.58,5.94,,6.65,5.28,6.06,,6.29,,5.56,
1997-09-01,161.2,6.21,6.11,6.5,5.88,,6.56,5.08,5.98,,6.2,,5.52,
1997-10-01,161.6,6.03,5.93,6.33,5.77,,6.38,5.11,5.84,,6.05,,5.46,
1997-11-01,161.5,5.88,5.8,6.11,5.71,,6.2,5.28,5.76,,5.9,,5.46,
1997-12-01,161.3,5.81,5.77,5.99,5.72,,6.07,5.3,5.74,,5.83,,5.53,
1998-01-01,161.6,5.54,5.42,5.81,5.36,,5.88,5.18,5.38,,5.53,,5.24,
1998-02-01,161.9,5.57,5.49,5.89,5.42,,5.96,5.23,5.43,,5.6,,5.31,
1998-03-01,162.2,5.65,5.61,5.95,5.56,,6.01,5.16,5.57,,5.71,,5.39,
1998-04-01,162.5,5.64,5.61,5.92,5.56,,6.0,5.08,5.58,,5.7,,5.38,
1998-05-01,162.8,5.65,5.63,5.93,5.59,,6.01,5.14,5.61,,5.72,,5.44,
1998-06-01,163.0,5.5,5.52,5.7,5.52,,5.8,5.12,5.52,,5.56,,5.41,
1998-07-01,163.2,5.46,5.46,5.68,5.46,,5.78,5.09,5.47,,5.52,,5.36,
1998-08-01,163.4,5.34,5.27,5.54,5.27,,5.66,5.04,5.24,,5.36,,5.21,
1998-09-01,163.6,4.81,4.62,5.2,4.67,,5.38,4.74,4.62,,4.76,,4.71,
1998-10-01,164.0,4.53,4.18,5.01,4.09,,5.3,4.07,4.18,,4.46,,4.12,
1998-11-01,164.0,4.83,4.54,5.25,4.54,,5.48,4.53,4.57,,4.78,,4.53,
1998-12-01,163.9,4.65,4.45,5.06,4.51,,5.36,4.5,4.48,,4.65,,4.52,
1999-01-01,164.3,4.72,4.6,5.16,4.62,,5.45,4.45,4.61,,4.8,,4.51,
1999-02-01,164.5,5.0,4.91,5.37,4.88,,5.66,4.56,4.9,,5.1,,4.7,
1999-03-01,165.0,5.23,5.14,5.58,5.05,,5.87,4.57,5.11,,5.36,,4.78,
1999-04-01,166.2,5.18,5.08,5.55,4.98,,5.82,4.41,5.03,,5.28,,4.69,
1999-05-01,166.2,5.54,5.44,5.81,5.25,,6.08,4.63,5.33,,5.64,,4.85,
1999-06-01,166.2,5.9,5.81,6.04,5.62,,6.36,4.72,5.7,,6.05,,5.1,
1999-07-01,166.7,5.79,5.68,5.98,5.55,,6.28,4.69,5.62,,5.94,,5.03,
1999-08-01,167.1,5.94,5.84,6.07,5.68,,6.43,4.87,5.77,,6.15,,5.2,
1999-09-01,167.9,5.92,5.8,6.07,5.66,,6.5,4.82,5.75,,6.12,,5.25,
1999-10-01,168.2,6.11,6.03,6.26,5.86,,6.66,5.02,5.94,,6.33,,5.43,
1999-11-01,168.3,6.03,5.97,6.15,5.86,,6.48,5.23,5.92,,6.17,,5.55,
1999-12-01,168.3,6.28,6.19,6.35,6.1,,6.69,5.36,6.14,,6.38,,5.84,
2000-01-01,168.8,6.66,6.58,6.63,6.44,,6.86,5.5,6.49,,6.7,,6.12,
2000-02-01,169.8,6.52,6.68,6.23,6.61,,6.54,5.73,6.65,,6.72,,6.22,
2000-03-01,171.2,6.26,6.5,6.05,6.53,,6.38,5.86,6.53,,6.51,,6.22,
2000-04-01,171.3,5.99,6.26,5.85,6.4,,6.18,5.82,6.36,,6.27,,6.15,
2000-05-01,171.5,6.44,6.69,6.15,6.81,,6.55,5.99,6.77,,6.69,,6.33,
2000-06-01,172.4,6.1,6.3,5.93,6.48,,6.28,5.86,6.43,,6.33,,6.17,
2000-07-01,172.8,6.05,6.18,5.85,6.34,,6.2,6.14,6.28,,6.22,,6.08,
2000-08-01,172.8,5.83,6.06,5.72,6.23,,6.02,6.28,6.17,,6.05,,6.18,
2000-09-01,173.7,5.8,5.93,5.83,6.08,,6.09,6.18,6.02,,5.98,,6.13,
2000-10-01,174.0,5.74,5.78,5.8,5.91,,6.04,6.29,5.85,,5.84,,6.01,
2000-11-01,174.1,5.72,5.7,5.78,5.88,,5.98,6.36,5.79,,5.78,,6.09,
2000-12-01,174.0,5.24,5.17,5.49,5.35,,5.64,5.94,5.26,,5.28,,5.6,
2001-01-01,175.1,5.16,4.86,5.54,4.76,,5.65,5.29,4.77,,5.13,,4.81,
2001-02-01,175.8,5.1,4.89,5.45,4.66,,5.62,5.01,4.71,,5.1,,4.68,
2001-03-01,176.2,4.89,4.64,5.34,4.34,,5.49,4.54,4.43,,4.88,,4.3,
2001-04-01,176.9,5.14,4.76,5.65,4.23,,5.78,3.97,4.42,,5.03,,3.98,
2001-05-01,177.7,5.39,4.93,5.78,4.26,,5.92,3.7,4.51,,5.24,,3.78,
2001-06-01,178.0,5.28,4.81,5.67,4.08,,5.82,3.57,4.35,,5.14,,3.58,
2001-07-01,177.5,5.24,4.76,5.61,4.04,3.67,5.75,3.59,4.31,,5.06,,3.62,
2001-08-01,177.5,4.97,4.57,5.48,3.76,3.53,5.58,3.44,4.04,,4.84,,3.47,
2001-09-01,178.3,4.73,4.12,5.48,3.12,2.68,5.53,2.69,3.45,,4.51,,2.82,
2001-10-01,177.7,4.57,3.91,5.32,2.73,2.27,5.34,2.2,3.14,,4.31,,2.33,
2001-11-01,177.4,4.65,3.97,5.12,2.78,1.99,5.33,1.91,3.22,,4.42,,2.18,
2001-12-01,176.7,5.09,4.39,5.48,3.11,1.72,5.76,1.72,3.62,,4.86,,2.22,
2002-01-01,177.1,5.04,4.34,5.45,3.03,1.68,5.69,1.68,3.56,,4.79,,2.16,
2002-02-01,177.8,4.91,4.3,5.4,3.02,1.74,5.61,1.76,3.55,,4.71,,2.23,
2002-03-01,178.8,5.28,4.74,,3.56,1.79,5.93,1.83,4.14,,5.14,,2.57,
2002-04-01,179.8,5.21,4.65,,3.42,1.72,5.85,1.75,4.01,,5.02,,2.48,
2002-05-01,179.8,5.16,4.49,,3.26,1.74,5.81,1.76,3.8,,4.9,,2.35,
2002-06-01,179.9,4.93,4.19,,2.99,1.72,5.65,1.73,3.49,,4.6,,2.2,
2002-07-01,180.1,4.65,3.81,,2.56,1.72,5.51,1.71,3.01,,4.3,,1.96,
2002-08-01,180.7,4.26,3.29,,2.13,1.68,5.19,1.65,2.52,,3.88,,1.76,
2002-09-01,181.0,3.87,2.94,,2.0,1.67,4.87,1.66,2.32,,3.5,,1.72,
2002-10-01,181.3,3.94,2.95,,1.91,1.62,5.0,1.61,2.25,,3.54,,1.65,
2002-11-01,181.3,4.05,3.05,,1.92,1.26,5.04,1.25,2.32,,3.64,,1.49,
2002-12-01,180.9,4.03,3.03,,1.84,1.2,5.01,1.21,2.23,,3.63,,1.45,
2003-01-01,181.7,4.05,3.05,,1.74,1.17,5.02,1.19,2.18,1.65,3.6,,1.36,1.4
2003-02-01,183.1,3.9,2.9,,1.63,1.2,4.87,1.19,2.05,1.24,3.45,,1.3,1.66
2003-03-01,184.2,3.81,2.78,,1.57,1.18,4.82,1.15,1.98,1.09,3.34,,1.24,1.69
2003-04-01,183.8,3.96,2.93,,1.62,1.16,4.91,1.15,2.06,1.36,3.47,,1.27,1.57
2003-05-01,183.5,3.57,2.52,,1.42,1.08,4.52,1.09,1.75,1.18,3.07,,1.18,1.34
2003-06-01,183.7,3.33,2.27,,1.23,0.97,4.34,0.94,1.51,0.91,2.84,,1.01,1.36
2003-07-01,183.9,3.98,2.87,,1.47,0.9,4.92,0.92,1.93,1.3,3.45,,1.12,1.57
2003-08-01,184.6,4.45,3.37,,1.86,0.95,5.39,0.97,2.44,1.48,3.96,,1.31,1.89
2003-09-01,185.2,4.27,3.18,,1.71,0.91,5.21,0.96,2.23,1.29,3.74,,1.24,1.89
2003-10-01,185.0,4.29,3.19,,1.75,0.91,5.21,0.94,2.26,1.21,3.75,,1.25,1.98
2003-11-01,184.5,4.3,3.29,,1.93,0.94,5.17,0.95,2.45,1.27,3.81,,1.34,2.02
2003-12-01,184.3,4.27,3.27,,1.91,0.89,5.11,0.91,2.44,1.23,3.79,,1.31,2.04
2004-01-01,185.2,4.15,3.12,,1.76,0.85,5.01,0.9,2.27,1.09,3.65,,1.24,2.03
2004-02-01,186.2,4.08,3.07,,1.74,0.92,4.94,0.94,2.25,0.86,3.59,,1.24,2.21
2004-03-01,187.4,3.83,2.79,,1.58,0.96,4.72,0.95,2.0,0.52,3.31,,1.19,2.27
2004-04-01,188.0,4.35,3.39,,2.07,0.91,5.16,0.96,2.57,1.02,3.89,,1.43,2.37
2004-05-01,189.1,4.72,3.85,,2.53,0.91,5.46,1.04,3.1,1.34,4.31,,1.78,2.51
2004-06-01,189.7,4.73,3.93,,2.76,1.05,5.45,1.29,3.26,1.41,4.35,,2.12,2.52
2004-07-01,189.4,4.5,3.69,,2.64,1.19,5.24,1.36,3.05,1.29,4.11,,2.1,2.4
2004-08-01,189.5,4.28,3.47,,2.51,1.37,5.07,1.5,2.88,1.12,3.9,,2.02,2.35
2004-09-01,189.9,4.13,3.36,,2.53,1.55,4.89,1.68,2.83,1.1,3.75,,2.12,2.26
2004-10-01,190.9,4.1,3.35,,2.58,1.63,4.85,1.79,2.85,0.97,3.75,,2.23,2.38
2004-11-01,191.0,4.19,3.53,,2.85,1.92,4.89,2.11,3.09,0.9,3.88,,2.5,2.63
2004-12-01,190.3,4.23,3.6,,3.01,1.96,4.88,2.22,3.21,0.92,3.93,,2.67,2.68
2005-01-01,190.7,4.22,3.71,,3.22,2.05,4.77,2.37,3.39,1.13,3.97,,2.86,2.58
2005-02-01,191.8,4.17,3.77,,3.38,2.36,4.61,2.58,3.54,1.08,3.97,,3.03,2.69
2005-03-01,193.3,4.5,4.17,,3.73,2.65,4.89,2.8,3.91,1.29,4.33,,3.3,2.88
2005-04-01,194.6,4.34,4.0,,3.65,2.64,4.75,2.84,3.79,1.23,4.16,,3.32,2.77
2005-05-01,194.4,4.14,3.85,,3.64,2.65,4.56,2.9,3.72,1.28,3.94,,3.33,2.57
2005-06-01,194.5,4.0,3.77,,3.64,2.83,4.35,3.04,3.69,1.39,3.86,,3.36,2.38
2005-07-01,195.4,4.18,3.98,,3.87,3.1,4.48,3.29,3.91,1.67,4.06,,3.64,2.31
2005-08-01,196.4,4.26,4.12,,4.04,3.34,4.53,3.52,4.08,1.71,4.18,,3.87,2.41
2005-09-01,198.8,4.2,4.01,,3.95,3.23,4.51,3.49,3.96,1.4,4.08,,3.85,2.61
2005-10-01,199.2,4.46,4.33,,4.27,3.51,4.74,3.79,4.29,1.7,4.38,,4.18,2.63
2005-11-01,197.6,4.54,4.45,,4.42,3.91,4.83,3.97,4.43,1.97,4.48,,4.33,2.48
2005-12-01,196.8,4.47,4.39,,4.4,3.69,4.73,3.97,4.39,2.09,4.41,,4.35,2.3
2006-01-01,198.3,4.42,4.35,,4.4,4.12,4.65,4.34,4.35,1.93,4.37,,4.45,2.42
2006-02-01,198.7,4.57,4.57,4.54,4.67,4.38,4.73,4.54,4.64,1.98,4.56,,4.68,2.59
2006-03-01,199.8,4.72,4.72,4.73,4.73,4.55,4.91,4.63,4.74,2.09,4.71,,4.77,2.63
2006-04-01,201.5,4.99,4.9,5.06,4.89,4.61,5.22,4.72,4.89,2.26,4.94,,4.9,2.64
2006-05-01,202.5,5.11,5.0,5.2,4.97,4.7,5.35,4.84,4.97,2.3,5.03,,5.0,2.7
2006-06-01,202.9,5.11,5.07,5.15,5.12,4.71,5.29,4.92,5.09,2.45,5.08,,5.16,2.62
2006-07-01,203.5,5.09,5.04,5.13,5.12,4.9,5.25,5.08,5.07,2.46,5.05,,5.22,2.58
2006-08-01,203.9,4.88,4.82,5.0,4.9,5.16,5.08,5.09,4.85,2.27,4.83,,5.08,2.55
2006-09-01,202.9,4.72,4.67,4.85,4.77,4.77,4.93,4.93,4.69,2.38,4.68,,4.97,2.29
2006-10-01,201.8,4.73,4.69,4.85,4.8,4.97,4.94,5.05,4.72,2.51,4.69,,5.01,2.18
2006-11-01,201.5,4.6,4.58,4.69,4.74,5.21,4.78,5.07,4.64,2.41,4.58,,5.01,2.17
2006-12-01,201.8,4.56,4.53,4.68,4.67,4.87,4.78,4.97,4.58,2.28,4.54,,4.94,2.25
2007-01-01,202.416,4.76,4.75,4.85,4.88,4.94,4.95,5.11,4.79,2.47,4.75,,5.06,2.28
2007-02-01,203.49900000000002,4.72,4.71,4.82,4.85,5.18,4.93,5.16,4.75,2.34,4.71,,5.05,2.37
2007-03-01,205.352,4.56,4.48,4.72,4.57,5.21,4.81,5.08,4.51,2.04,4.5,,4.92,2.44
2007-04-01,206.68599999999998,4.69,4.59,4.87,4.67,4.99,4.95,5.01,4.6,2.12,4.62,,4.93,2.47
2007-05-01,207.949,4.75,4.67,4.9,4.77,4.82,4.98,4.87,4.69,2.29,4.69,,4.91,2.38
2007-06-01,208.352,5.1,5.03,5.2,4.98,4.52,5.29,4.74,5.0,2.65,5.05,,4.96,2.38
2007-07-01,208.299,5.0,4.88,5.11,4.82,4.82,5.19,4.96,4.82,2.6,4.93,,4.96,2.28
2007-08-01,207.917,4.67,4.43,4.93,4.31,4.2,5.0,4.32,4.34,2.39,4.53,,4.47,2.04
2007-09-01,208.49,4.52,4.2,4.79,4.01,3.78,4.84,3.99,4.06,2.14,4.33,,4.14,2.06
2007-10-01,208.93599999999998,4.53,4.2,4.77,3.97,3.81,4.83,4.0,4.01,2.01,4.33,,4.1,2.19
2007-11-01,210.17700000000002,4.15,3.67,4.52,3.34,3.68,4.56,3.35,3.35,1.35,3.87,,3.5,2.32
2007-12-01,210.03599999999997,4.1,3.49,4.53,3.12,2.86,4.57,3.07,3.13,1.27,3.74,,3.26,2.22
2008-01-01,211.08,3.74,2.98,4.33,2.48,2.74,4.35,2.82,2.51,0.86,3.31,,2.71,2.12
2008-02-01,211.69299999999998,3.74,2.78,4.52,1.97,2.27,4.49,2.17,2.19,0.65,3.21,,2.05,2.13
2008-03-01,213.528,3.51,2.48,4.39,1.62,1.35,4.36,1.28,1.8,0.23,2.93,,1.54,2.25
2008-04-01,214.82299999999998,3.68,2.84,4.44,2.05,1.07,4.44,1.31,2.23,0.62,3.19,,1.74,2.22
2008-05-01,216.632,3.88,3.15,4.6,2.45,1.76,4.6,1.76,2.69,0.79,3.46,,2.06,2.36
2008-06-01,218.815,4.1,3.49,4.69,2.77,1.72,4.74,1.89,3.08,0.97,3.73,,2.42,2.52
2008-07-01,219.96400000000003,4.01,3.3,4.57,2.57,1.6,4.62,1.66,2.87,0.84,3.6,,2.28,2.46
2008-08-01,219.08599999999998,3.89,3.14,4.5,2.42,1.68,4.53,1.75,2.7,1.15,3.46,,2.18,1.99
2008-09-01,218.783,3.69,2.88,4.27,2.08,0.89,4.32,1.15,2.32,1.55,3.25,,1.91,1.33
2008-10-01,216.57299999999998,3.81,2.73,4.17,1.61,0.29,4.45,0.69,1.86,2.75,3.19,,1.42,-0.02
2008-11-01,212.425,3.53,2.29,4.0,1.21,0.09,4.27,0.19,1.51,3.69,2.82,,1.07,-1.4
2008-12-01,210.22799999999998,2.42,1.52,2.87,0.82,0.03,3.18,0.03,1.07,1.76,1.89,,0.49,-0.24
2009-01-01,211.143,2.52,1.6,3.13,0.81,0.05,3.46,0.13,1.13,1.59,1.98,,0.44,0.01
2009-02-01,212.19299999999998,2.87,1.87,3.59,0.98,0.22,3.83,0.3,1.37,1.29,2.3,,0.62,0.58
2009-03-01,212.709,2.82,1.82,3.64,0.93,0.1,3.78,0.22,1.31,1.23,2.42,,0.64,0.59
2009-04-01,213.24,2.93,1.86,3.76,0.93,0.1,3.84,0.16,1.32,1.11,2.47,,0.55,0.75
2009-05-01,213.856,3.29,2.13,4.23,0.93,0.14,4.22,0.18,1.39,1.07,2.81,,0.5,1.06
2009-06-01,215.69299999999998,3.72,2.71,4.52,1.18,0.1,4.51,0.18,1.76,1.18,3.37,,0.51,1.53
2009-07-01,215.351,3.56,2.46,4.41,1.02,0.15,4.38,0.18,1.55,1.18,3.14,,0.48,1.28
2009-08-01,215.834,3.59,2.57,4.37,1.12,0.12,4.33,0.17,1.65,1.29,3.21,,0.46,1.28
2009-09-01,215.96900000000002,3.4,2.37,4.19,0.96,0.06,4.14,0.12,1.48,1.03,3.02,,0.4,1.34
2009-10-01,216.17700000000002,3.39,2.33,4.19,0.95,0.04,4.16,0.07,1.46,0.83,2.96,,0.37,1.5
2009-11-01,216.33,3.4,2.23,4.31,0.8,0.05,4.24,0.05,1.32,0.48,2.92,,0.31,1.75
2009-12-01,215.949,3.59,2.34,4.49,0.87,0.03,4.4,0.05,1.38,0.43,3.07,,0.37,1.91
2010-01-01,216.687,3.73,2.48,4.6,0.93,0.02,4.5,0.06,1.49,0.42,3.21,,0.35,2.06
2010-02-01,216.74099999999999,3.69,2.36,4.62,0.86,0.06,4.48,0.11,1.4,0.42,3.12,2.16,0.35,1.94
2010-03-01,217.63099999999997,3.73,2.43,4.64,0.96,0.12,4.49,0.15,1.51,0.56,3.16,2.15,0.4,1.87
2010-04-01,218.00900000000001,3.85,2.58,4.69,1.06,0.15,4.53,0.16,1.64,0.62,3.28,2.05,0.45,1.96
2010-05-01,218.178,3.42,2.18,4.29,0.83,0.15,4.11,0.16,1.32,0.41,2.86,1.83,0.37,1.77
2010-06-01,217.965,3.2,2.0,4.13,0.72,0.08,3.95,0.12,1.17,0.34,2.66,1.77,0.32,1.66
2010-07-01,218.011,3.01,1.76,3.99,0.62,0.16,3.8,0.16,0.98,0.34,2.43,1.87,0.29,1.42
2010-08-01,218.312,2.7,1.47,3.8,0.52,0.15,3.52,0.16,0.78,0.13,2.1,1.76,0.26,1.34
2010-09-01,218.43900000000002,2.65,1.41,3.77,0.48,0.12,3.47,0.15,0.74,0.13,2.05,1.66,0.26,1.28
2010-10-01,218.71099999999998,2.54,1.18,3.87,0.38,0.14,3.52,0.13,0.57,-0.32,1.85,1.44,0.23,1.5
2010-11-01,218.803,2.76,1.35,4.19,0.45,0.13,3.82,0.14,0.67,-0.21,2.02,1.61,0.25,1.56
2010-12-01,219.179,3.29,1.93,4.42,0.62,0.09,4.17,0.14,0.99,0.21,2.66,1.89,0.29,1.72
2011-01-01,220.22299999999998,3.39,1.99,4.52,0.61,0.14,4.28,0.15,1.03,0.06,2.72,1.97,0.27,1.93
2011-02-01,221.30900000000003,3.58,2.26,4.65,0.77,0.11,4.42,0.13,1.28,0.25,2.96,2.13,0.29,2.01
2011-03-01,223.467,3.41,2.11,4.51,0.7,0.06,4.27,0.1,1.17,-0.09,2.8,1.89,0.26,2.2
2011-04-01,224.90599999999998,3.46,2.17,4.5,0.73,0.03,4.28,0.06,1.21,-0.14,2.84,1.79,0.25,2.31
2011-05-01,225.96400000000003,3.17,1.84,4.29,0.56,0.02,4.01,0.04,0.94,-0.34,2.51,1.77,0.19,2.18
2011-06-01,225.722,3.0,1.58,4.23,0.41,0.02,3.91,0.04,0.71,-0.38,2.29,1.78,0.18,1.96
2011-07-01,225.922,3.0,1.54,4.27,0.41,0.04,3.95,0.04,0.68,-0.49,2.28,1.62,0.19,2.03
2011-08-01,226.545,2.3,1.02,3.65,0.23,0.02,3.24,0.02,0.38,-0.75,1.63,1.1,0.11,1.77
2011-09-01,226.889,1.98,0.9,3.18,0.21,0.01,2.83,0.01,0.35,-0.72,1.42,1.02,0.1,1.62
2011-10-01,226.421,2.15,1.06,3.13,0.28,0.01,2.87,0.02,0.47,-0.63,1.62,0.99,0.11,1.69
2011-11-01,226.23,2.01,0.91,3.02,0.25,0.01,2.72,0.01,0.39,-0.85,1.45,0.78,0.11,1.76
2011-12-01,225.672,1.98,0.89,2.98,0.26,0.0,2.67,0.01,0.39,-0.78,1.43,0.78,0.12,1.67
2012-01-01,226.665,1.97,0.84,3.03,0.24,0.02,2.7,0.03,0.36,-0.92,1.38,0.74,0.12,1.76
2012-02-01,227.66299999999998,1.97,0.83,3.11,0.28,0.06,2.75,0.09,0.38,-1.11,1.37,0.72,0.16,1.94
2012-03-01,229.392,2.17,1.02,3.28,0.34,0.06,2.94,0.08,0.51,-1.03,1.56,0.87,0.19,2.05
2012-04-01,230.085,2.05,0.89,3.18,0.29,0.07,2.82,0.08,0.43,-1.06,1.43,0.79,0.18,1.95
2012-05-01,229.815,1.8,0.76,2.93,0.29,0.07,2.53,0.09,0.39,-1.12,1.21,0.68,0.19,1.88
2012-06-01,229.47799999999998,1.62,0.71,2.7,0.29,0.05,2.31,0.09,0.39,-1.05,1.08,0.5,0.19,1.76
2012-07-01,229.104,1.53,0.62,2.59,0.25,0.07,2.22,0.1,0.33,-1.15,0.98,0.39,0.19,1.77
2012-08-01,230.37900000000002,1.68,0.71,2.77,0.27,0.09,2.4,0.1,0.37,-1.19,1.14,0.47,0.18,1.9
2012-09-01,231.407,1.72,0.67,2.88,0.26,0.08,2.49,0.11,0.34,-1.47,1.12,0.44,0.18,2.14
2012-10-01,231.317,1.75,0.71,2.9,0.28,0.11,2.51,0.1,0.37,-1.47,1.15,0.41,0.18,2.18
2012-11-01,230.22099999999998,1.65,0.67,2.8,0.27,0.12,2.39,0.09,0.36,-1.38,1.08,0.35,0.18,2.05
2012-12-01,229.601,1.72,0.7,2.88,0.26,0.04,2.47,0.07,0.35,-1.4,1.13,0.33,0.16,2.1
2013-01-01,230.28,1.91,0.81,3.08,0.27,0.05,2.68,0.07,0.39,-1.39,1.3,0.48,0.15,2.2
2013-02-01,232.166,1.98,0.85,3.17,0.27,0.08,2.78,0.1,0.4,-1.39,1.35,0.57,0.16,2.24
2013-03-01,232.773,1.96,0.82,3.16,0.26,0.08,2.78,0.09,0.39,-1.43,1.32,0.62,0.15,2.25
2013-04-01,232.53099999999998,1.76,0.71,2.93,0.23,0.05,2.55,0.06,0.34,-1.38,1.15,0.48,0.12,2.09
2013-05-01,232.945,1.93,0.84,3.11,0.25,0.02,2.73,0.04,0.4,-1.14,1.31,0.72,0.12,1.98
2013-06-01,233.50400000000002,2.3,1.2,3.4,0.33,0.03,3.07,0.05,0.58,-0.59,1.71,1.21,0.14,1.79
2013-07-01,233.59599999999998,2.58,1.4,3.61,0.34,0.02,3.31,0.04,0.64,-0.45,1.99,1.34,0.12,1.85
2013-08-01,233.877,2.74,1.52,3.76,0.36,0.04,3.49,0.04,0.7,-0.33,2.15,1.44,0.13,1.85
2013-09-01,234.149,2.81,1.6,3.79,0.4,0.02,3.53,0.02,0.78,-0.17,2.22,1.5,0.12,1.77
2013-10-01,233.546,2.62,1.37,3.68,0.34,0.11,3.38,0.05,0.63,-0.41,1.99,1.37,0.12,1.78
2013-11-01,233.06900000000002,2.72,1.37,3.8,0.3,0.05,3.5,0.07,0.58,-0.38,2.07,1.51,0.12,1.75
2013-12-01,233.049,2.9,1.58,3.89,0.34,0.02,3.63,0.07,0.69,-0.09,2.29,1.61,0.13,1.67
2014-01-01,233.916,2.86,1.65,3.77,0.39,0.02,3.52,0.04,0.78,-0.09,2.29,1.44,0.12,1.74
2014-02-01,234.78099999999998,2.71,1.52,3.66,0.33,0.05,3.38,0.05,0.69,-0.26,2.15,1.4,0.12,1.78
2014-03-01,236.293,2.72,1.64,3.62,0.4,0.05,3.35,0.05,0.82,-0.14,2.23,1.33,0.13,1.78
2014-04-01,237.072,2.71,1.7,3.52,0.42,0.02,3.27,0.03,0.88,-0.11,2.27,1.23,0.11,1.81
2014-05-01,237.9,2.56,1.59,3.39,0.39,0.03,3.12,0.03,0.83,-0.34,2.12,1.08,0.1,1.93
2014-06-01,238.343,2.6,1.68,3.42,0.45,0.02,3.15,0.04,0.9,-0.29,2.19,1.11,0.1,1.97
2014-07-01,238.25,2.54,1.7,3.33,0.51,0.02,3.07,0.03,0.97,-0.27,2.17,0.98,0.11,1.97
2014-08-01,237.852,2.42,1.63,3.2,0.47,0.03,2.94,0.03,0.93,-0.21,2.08,0.9,0.11,1.84
2014-09-01,238.03099999999998,2.53,1.77,3.26,0.57,0.01,3.01,0.02,1.05,0.1,2.22,1.05,0.11,1.67
2014-10-01,237.433,2.3,1.55,3.04,0.45,0.02,2.77,0.02,0.88,0.06,1.98,0.96,0.1,1.49
2014-11-01,236.15099999999998,2.33,1.62,3.04,0.53,0.04,2.76,0.02,0.96,0.14,2.03,0.99,0.13,1.48
2014-12-01,234.812,2.21,1.64,2.83,0.64,0.03,2.55,0.03,1.06,0.37,1.98,0.89,0.21,1.27
2015-01-01,233.707,1.88,1.37,2.46,0.55,0.02,2.2,0.03,0.9,0.17,1.67,0.66,0.2,1.2
2015-02-01,234.722,1.98,1.47,2.57,0.62,0.02,2.34,0.02,0.99,0.11,1.79,0.73,0.22,1.36
2015-03-01,236.11900000000003,2.04,1.52,2.63,0.64,0.02,2.41,0.03,1.02,0.04,1.84,0.73,0.25,1.48
2015-04-01,236.59900000000002,1.94,1.35,2.59,0.54,0.02,2.33,0.02,0.87,-0.26,1.69,0.65,0.23,1.61
2015-05-01,237.805,2.2,1.54,2.96,0.61,0.01,2.69,0.02,0.98,-0.1,1.93,0.96,0.24,1.64
2015-06-01,238.638,2.36,1.68,3.11,0.69,0.01,2.85,0.02,1.07,0.05,2.1,1.13,0.28,1.63
2015-07-01,238.65400000000002,2.32,1.63,3.07,0.67,0.03,2.77,0.03,1.03,0.14,2.04,1.11,0.3,1.49
2015-08-01,238.31599999999997,2.17,1.54,2.86,0.7,0.04,2.55,0.07,1.03,0.31,1.91,1.08,0.38,1.23
2015-09-01,237.945,2.17,1.49,2.95,0.71,0.01,2.62,0.02,1.01,0.33,1.88,1.24,0.37,1.16
2015-10-01,237.838,2.07,1.39,2.89,0.64,0.01,2.5,0.02,0.93,0.21,1.76,1.22,0.26,1.18
2015-11-01,237.33599999999998,2.26,1.67,3.03,0.88,0.07,2.69,0.13,1.2,0.4,2.02,1.25,0.48,1.27
2015-12-01,236.525,2.24,1.7,2.97,0.98,0.17,2.61,0.23,1.28,0.46,2.04,1.26,0.65,1.24
2016-01-01,236.916,2.09,1.52,2.86,0.9,0.23,2.49,0.26,1.14,0.33,1.85,1.26,0.54,1.19
2016-02-01,237.111,1.78,1.22,2.62,0.73,0.26,2.2,0.31,0.9,0.14,1.53,1.09,0.53,1.08
2016-03-01,238.132,1.89,1.38,2.68,0.88,0.25,2.28,0.3,1.04,-0.03,1.68,0.99,0.66,1.41
2016-04-01,239.261,1.81,1.26,2.62,0.77,0.19,2.21,0.23,0.92,-0.22,1.57,0.86,0.56,1.48
2016-05-01,240.229,1.81,1.3,2.63,0.82,0.23,2.22,0.28,0.97,-0.22,1.6,0.86,0.59,1.52
2016-06-01,241.018,1.64,1.17,2.45,0.73,0.22,2.02,0.27,0.86,-0.27,1.44,0.82,0.55,1.44
2016-07-01,240.628,1.5,1.07,2.23,0.67,0.26,1.82,0.3,0.79,-0.32,1.33,0.61,0.51,1.39
2016-08-01,240.84900000000002,1.56,1.13,2.26,0.74,0.26,1.89,0.3,0.85,-0.17,1.4,0.62,0.57,1.3
2016-09-01,241.428,1.63,1.18,2.35,0.77,0.19,2.02,0.29,0.9,-0.17,1.46,0.64,0.59,1.35
2016-10-01,241.729,1.76,1.27,2.5,0.84,0.24,2.17,0.33,0.99,-0.26,1.56,0.69,0.66,1.53
2016-11-01,241.35299999999998,2.14,1.6,2.86,0.98,0.3,2.54,0.45,1.22,-0.07,1.93,0.86,0.74,1.67
2016-12-01,241.43200000000002,2.49,1.96,3.11,1.2,0.42,2.84,0.51,1.49,0.15,2.29,1.04,0.87,1.81
2017-01-01,242.83900000000003,2.43,1.92,3.02,1.21,0.5,2.75,0.52,1.48,0.03,2.23,0.92,0.83,1.89
2017-02-01,243.60299999999998,2.42,1.9,3.03,1.2,0.48,2.76,0.53,1.47,0.01,2.22,0.93,0.82,1.89
2017-03-01,243.801,2.48,2.01,3.08,1.31,0.66,2.83,0.75,1.59,0.18,2.3,0.99,1.01,1.83
2017-04-01,244.524,2.3,1.82,2.94,1.24,0.75,2.67,0.81,1.44,0.08,2.1,0.91,1.04,1.74
2017-05-01,244.733,2.3,1.84,2.96,1.3,0.73,2.7,0.9,1.48,0.09,2.11,0.99,1.12,1.75
2017-06-01,244.955,2.19,1.77,2.8,1.34,0.84,2.54,1.0,1.49,0.14,2.01,0.93,1.2,1.63
2017-07-01,244.78599999999997,2.32,1.87,2.88,1.37,0.97,2.65,1.09,1.54,0.23,2.13,1.01,1.22,1.64
2017-08-01,245.519,2.21,1.78,2.8,1.34,0.98,2.55,1.03,1.48,0.16,2.03,0.93,1.23,1.62
2017-09-01,246.81900000000002,2.2,1.8,2.78,1.38,0.99,2.53,1.05,1.51,0.12,2.03,0.87,1.28,1.68
2017-10-01,246.66299999999998,2.36,1.98,2.88,1.55,1.0,2.65,1.09,1.68,0.25,2.2,0.94,1.4,1.73
